INSERT INTO siswa (nis,nama,pkey) VALUES
('19-1-0745','ABDUL KODAR','0745'),
('19-1-0746','AHMAD JAMALUDIN','0746'),
('19-1-0747','ALFIN JULIANTO','0747'),
('19-1-0748','ANDRI JULIANTO','0748'),
('19-1-0749','ANUGRAH DIMAS PRATAMA','0749'),
('19-1-0750','ASROF NGIZMA MUBAROK','0750'),
('19-1-0751','BARKAH','0751'),
('19-1-0752','CATUR INDRIYANTO NUGROHO','0752'),
('19-1-0753','DANDA FEBRA NUGRAHA','0753'),
('19-1-0754','DIMAS NGILMI NUR S','0754'),
('19-1-0755','EGI PRASETYO','0755'),
('19-1-0756','EKO SETIADI','0756'),
('19-1-0757','FENDRI NUR KHAFIDIN','0757'),
('19-1-0758','FIRMAN ADE PUTRA','0758'),
('19-1-0759','GALIH AKBAR PERMADI','0759'),
('19-1-0760','HENDRA SETIAWAN','0760'),
('19-1-0761','IDRIS HAMZAH ISMAIL','0761'),
('19-1-0762','IMRON HIDAYAT','0762'),
('19-1-0763','JERI WAHYU DIANTO','0763'),
('19-1-0764','JUNI ADITAMA','0764'),
('19-1-0765','KUNCORO','0765'),
('19-1-0766','MASKUR RIFA`I','0766'),
('19-1-0767','MOCH.RIYAN ANDRIANTO','0767'),
('19-1-0768','MOHAMAD ARWANI','0768'),
('19-1-0769','MOHAMMAD ABDUL FAHMI','0769'),
('19-1-0770','NIKO SATRIO NUGROHO','0770'),
('19-1-0771','RAHMAT WIYANTO','0771'),
('19-1-0772','RONI SETIAWAN','0772'),
('19-1-0773','SANDI PRATAMA','0773'),
('19-1-0774','TINO SETIAWAN','0774'),
('19-1-0775','WAHID NUR ROHMAN','0775'),
('19-1-0776','ADITIA FATUROHMAN','0776'),
('19-1-0777','AJID AKDAR SAPUTRA','0777'),
('19-1-0778','ANDRE PUTRA TAMA','0778'),
('19-1-0779','ANTONIO','0779'),
('19-1-0780','ARDANI BUDIANTO','0780'),
('19-1-0781','AWAL KURNIAWAN','0781'),
('19-1-0782','BAYU TRIYADI','0782'),
('19-1-0783','CATUR WIDODO','0783'),
('19-1-0784','DIDIN FIRMANSYAH','0784'),
('19-1-0785','DINAR BUDI ANTO','0785'),
('19-1-0786','EKA ADI SAPUTRA','0786'),
('19-1-0787','FANI SETIAWAN ','0787'),
('19-1-0788','FERI SETIAWAN','0788'),
('19-1-0789','FIRMAN NUR ISMOYO','0789'),
('19-1-0790','HAJID ARRASIDUN','0790'),
('19-1-0791','HENDRI SETIADI','0791'),
('19-1-0792','IKBAL FATUROHMAN','0792'),
('19-1-0793','INDRA PRAYOGI','0793'),
('19-1-0794','JULU SUBEKTA RIYADI','0794'),
('19-1-0795','KAIFAN DWI SUSANTO','0795'),
('19-1-0796','MAULANA GIBRAN ERLANGGA','0796'),
('19-1-0797','MUHAMAD DIKY RINALDI','0797'),
('19-1-0798','M.LUKMAN KOERULANAM','0798'),
('19-1-0799','MUHAMMAD ULIN NUHA','0799'),
('19-1-0800','NGAFIFUDIN','0800'),
('19-1-0801','PRIYA  ANDIKA','0801'),
('19-1-0802','RENDI PRASETYO','0802'),
('19-1-0803','SALMAN HANAN','0803'),
('19-1-0804','SOLEH ADIL IRAWAN','0804'),
('19-1-0805','VERDIKA TRI PAMUNGKAS','0805'),
('19-1-0806','ABDUL ROSIDI','0806'),
('19-1-0807','ACH. ALIF KHOERUL M','0807'),
('19-1-0808','AJENG PUSPITA SARI','0808'),
('19-1-0809','ANGGI NUR HAYATI','0809'),
('19-1-0810','APRILIYANTI KHASANAH','0810'),
('19-1-0811','ARJUN RAIKHAN ABIYU','0811'),
('19-1-0812','ATIKA RINDIANTI','0812'),
('19-1-0813','AZAHRA NABILA AINI','0813'),
('19-1-0814','CANTIKA RINDIANTI','0814'),
('19-1-0815','DWI RATNA SARI','0815'),
('19-1-0816','EKA NUR FAJRIYAH','0816'),
('19-1-0817','ENI SUSANTI','0817'),
('19-1-0818','FARIZ NUR FIKRI ZAKI','0818'),
('19-1-0819','HAFSOHTUN ALVIANA S.','0819'),
('19-1-0820','INDRI APRILIA','0820'),
('19-1-0821','LUTFIANA FAOZIYAH','0821'),
('19-1-0822','MAULANA MA`RUF FARIDA','0822'),
('19-1-0823','MISRIYATI','0823'),
('19-1-0824','MOH. FADLIHI','0824'),
('19-1-0825','MOHAMMAD KHOERON ATO','0825'),
('19-1-0826','NANI','0826'),
('19-1-0827','NASFA ARDILLA EKA PUTRI','0827'),
('19-1-0828','NUR KAMALIAH','0828'),
('19-1-0829','RAFI DWI SAPUTRA','0829'),
('19-1-0830','SAFIKA ANDRIYANI','0830'),
('19-1-0831','SEPTIAN NUR HIDAYAT','0831'),
('19-1-0832','SIFAKHUL KAMALIAH','0832'),
('19-1-0833','SITI NUR KHASANAH','0833'),
('19-1-0834','SRI WAHYUNI','0834'),
('19-1-0835','SUBEKTI SRI RAHAYU','0835'),
('19-1-0836','UMMI HANI','0836'),
('19-1-0837','VENUS MELINA','0837'),
('19-1-0838','VITA SETYANINGRUM','0838');

INSERT INTO klsiswa (tapel,nis,kelas,absen) VALUES
('2019-2020','19-1-0745','1','1'),
('2019-2020','19-1-0746','1','2'),
('2019-2020','19-1-0747','1','3'),
('2019-2020','19-1-0748','1','4'),
('2019-2020','19-1-0749','1','5'),
('2019-2020','19-1-0750','1','6'),
('2019-2020','19-1-0751','1','7'),
('2019-2020','19-1-0752','1','8'),
('2019-2020','19-1-0753','1','9'),
('2019-2020','19-1-0754','1','10'),
('2019-2020','19-1-0755','1','11'),
('2019-2020','19-1-0756','1','12'),
('2019-2020','19-1-0757','1','13'),
('2019-2020','19-1-0758','1','14'),
('2019-2020','19-1-0759','1','15'),
('2019-2020','19-1-0760','1','16'),
('2019-2020','19-1-0761','1','17'),
('2019-2020','19-1-0762','1','18'),
('2019-2020','19-1-0763','1','19'),
('2019-2020','19-1-0764','1','20'),
('2019-2020','19-1-0765','1','21'),
('2019-2020','19-1-0766','1','22'),
('2019-2020','19-1-0767','1','23'),
('2019-2020','19-1-0768','1','24'),
('2019-2020','19-1-0769','1','25'),
('2019-2020','19-1-0770','1','26'),
('2019-2020','19-1-0771','1','27'),
('2019-2020','19-1-0772','1','28'),
('2019-2020','19-1-0773','1','29'),
('2019-2020','19-1-0774','1','30'),
('2019-2020','19-1-0775','1','31'),
('2019-2020','19-1-0776','2','1'),
('2019-2020','19-1-0777','2','2'),
('2019-2020','19-1-0778','2','3'),
('2019-2020','19-1-0779','2','4'),
('2019-2020','19-1-0780','2','5'),
('2019-2020','19-1-0781','2','6'),
('2019-2020','19-1-0782','2','7'),
('2019-2020','19-1-0783','2','8'),
('2019-2020','19-1-0784','2','9'),
('2019-2020','19-1-0785','2','10'),
('2019-2020','19-1-0786','2','11'),
('2019-2020','19-1-0787','2','12'),
('2019-2020','19-1-0788','2','13'),
('2019-2020','19-1-0789','2','14'),
('2019-2020','19-1-0790','2','15'),
('2019-2020','19-1-0791','2','16'),
('2019-2020','19-1-0792','2','17'),
('2019-2020','19-1-0793','2','18'),
('2019-2020','19-1-0794','2','19'),
('2019-2020','19-1-0795','2','20'),
('2019-2020','19-1-0796','2','21'),
('2019-2020','19-1-0797','2','22'),
('2019-2020','19-1-0798','2','23'),
('2019-2020','19-1-0799','2','24'),
('2019-2020','19-1-0800','2','25'),
('2019-2020','19-1-0801','2','26'),
('2019-2020','19-1-0802','2','27'),
('2019-2020','19-1-0803','2','28'),
('2019-2020','19-1-0804','2','29'),
('2019-2020','19-1-0805','2','30'),
('2019-2020','19-1-0806','3','1'),
('2019-2020','19-1-0807','3','2'),
('2019-2020','19-1-0808','3','3'),
('2019-2020','19-1-0809','3','4'),
('2019-2020','19-1-0810','3','5'),
('2019-2020','19-1-0811','3','6'),
('2019-2020','19-1-0812','3','7'),
('2019-2020','19-1-0813','3','8'),
('2019-2020','19-1-0814','3','9'),
('2019-2020','19-1-0815','3','10'),
('2019-2020','19-1-0816','3','11'),
('2019-2020','19-1-0817','3','12'),
('2019-2020','19-1-0818','3','13'),
('2019-2020','19-1-0819','3','14'),
('2019-2020','19-1-0820','3','15'),
('2019-2020','19-1-0821','3','16'),
('2019-2020','19-1-0822','3','17'),
('2019-2020','19-1-0823','3','18'),
('2019-2020','19-1-0824','3','19'),
('2019-2020','19-1-0825','3','20'),
('2019-2020','19-1-0826','3','21'),
('2019-2020','19-1-0827','3','22'),
('2019-2020','19-1-0828','3','23'),
('2019-2020','19-1-0829','3','24'),
('2019-2020','19-1-0830','3','25'),
('2019-2020','19-1-0831','3','26'),
('2019-2020','19-1-0832','3','27'),
('2019-2020','19-1-0833','3','28'),
('2019-2020','19-1-0834','3','29'),
('2019-2020','19-1-0835','3','30'),
('2019-2020','19-1-0836','3','31'),
('2019-2020','19-1-0837','3','32'),
('2019-2020','19-1-0838','3','33');

INSERT INTO users (uname,refftable,password) VALUES
('19-1-0745','siswa',md5('19-1-0745_*_0745')),
('19-1-0746','siswa',md5('19-1-0746_*_0746')),
('19-1-0747','siswa',md5('19-1-0747_*_0747')),
('19-1-0748','siswa',md5('19-1-0748_*_0748')),
('19-1-0749','siswa',md5('19-1-0749_*_0749')),
('19-1-0750','siswa',md5('19-1-0750_*_0750')),
('19-1-0751','siswa',md5('19-1-0751_*_0751')),
('19-1-0752','siswa',md5('19-1-0752_*_0752')),
('19-1-0753','siswa',md5('19-1-0753_*_0753')),
('19-1-0754','siswa',md5('19-1-0754_*_0754')),
('19-1-0755','siswa',md5('19-1-0755_*_0755')),
('19-1-0756','siswa',md5('19-1-0756_*_0756')),
('19-1-0757','siswa',md5('19-1-0757_*_0757')),
('19-1-0758','siswa',md5('19-1-0758_*_0758')),
('19-1-0759','siswa',md5('19-1-0759_*_0759')),
('19-1-0760','siswa',md5('19-1-0760_*_0760')),
('19-1-0761','siswa',md5('19-1-0761_*_0761')),
('19-1-0762','siswa',md5('19-1-0762_*_0762')),
('19-1-0763','siswa',md5('19-1-0763_*_0763')),
('19-1-0764','siswa',md5('19-1-0764_*_0764')),
('19-1-0765','siswa',md5('19-1-0765_*_0765')),
('19-1-0766','siswa',md5('19-1-0766_*_0766')),
('19-1-0767','siswa',md5('19-1-0767_*_0767')),
('19-1-0768','siswa',md5('19-1-0768_*_0768')),
('19-1-0769','siswa',md5('19-1-0769_*_0769')),
('19-1-0770','siswa',md5('19-1-0770_*_0770')),
('19-1-0771','siswa',md5('19-1-0771_*_0771')),
('19-1-0772','siswa',md5('19-1-0772_*_0772')),
('19-1-0773','siswa',md5('19-1-0773_*_0773')),
('19-1-0774','siswa',md5('19-1-0774_*_0774')),
('19-1-0775','siswa',md5('19-1-0775_*_0775')),
('19-1-0776','siswa',md5('19-1-0776_*_0776')),
('19-1-0777','siswa',md5('19-1-0777_*_0777')),
('19-1-0778','siswa',md5('19-1-0778_*_0778')),
('19-1-0779','siswa',md5('19-1-0779_*_0779')),
('19-1-0780','siswa',md5('19-1-0780_*_0780')),
('19-1-0781','siswa',md5('19-1-0781_*_0781')),
('19-1-0782','siswa',md5('19-1-0782_*_0782')),
('19-1-0783','siswa',md5('19-1-0783_*_0783')),
('19-1-0784','siswa',md5('19-1-0784_*_0784')),
('19-1-0785','siswa',md5('19-1-0785_*_0785')),
('19-1-0786','siswa',md5('19-1-0786_*_0786')),
('19-1-0787','siswa',md5('19-1-0787_*_0787')),
('19-1-0788','siswa',md5('19-1-0788_*_0788')),
('19-1-0789','siswa',md5('19-1-0789_*_0789')),
('19-1-0790','siswa',md5('19-1-0790_*_0790')),
('19-1-0791','siswa',md5('19-1-0791_*_0791')),
('19-1-0792','siswa',md5('19-1-0792_*_0792')),
('19-1-0793','siswa',md5('19-1-0793_*_0793')),
('19-1-0794','siswa',md5('19-1-0794_*_0794')),
('19-1-0795','siswa',md5('19-1-0795_*_0795')),
('19-1-0796','siswa',md5('19-1-0796_*_0796')),
('19-1-0797','siswa',md5('19-1-0797_*_0797')),
('19-1-0798','siswa',md5('19-1-0798_*_0798')),
('19-1-0799','siswa',md5('19-1-0799_*_0799')),
('19-1-0800','siswa',md5('19-1-0800_*_0800')),
('19-1-0801','siswa',md5('19-1-0801_*_0801')),
('19-1-0802','siswa',md5('19-1-0802_*_0802')),
('19-1-0803','siswa',md5('19-1-0803_*_0803')),
('19-1-0804','siswa',md5('19-1-0804_*_0804')),
('19-1-0805','siswa',md5('19-1-0805_*_0805')),
('19-1-0806','siswa',md5('19-1-0806_*_0806')),
('19-1-0807','siswa',md5('19-1-0807_*_0807')),
('19-1-0808','siswa',md5('19-1-0808_*_0808')),
('19-1-0809','siswa',md5('19-1-0809_*_0809')),
('19-1-0810','siswa',md5('19-1-0810_*_0810')),
('19-1-0811','siswa',md5('19-1-0811_*_0811')),
('19-1-0812','siswa',md5('19-1-0812_*_0812')),
('19-1-0813','siswa',md5('19-1-0813_*_0813')),
('19-1-0814','siswa',md5('19-1-0814_*_0814')),
('19-1-0815','siswa',md5('19-1-0815_*_0815')),
('19-1-0816','siswa',md5('19-1-0816_*_0816')),
('19-1-0817','siswa',md5('19-1-0817_*_0817')),
('19-1-0818','siswa',md5('19-1-0818_*_0818')),
('19-1-0819','siswa',md5('19-1-0819_*_0819')),
('19-1-0820','siswa',md5('19-1-0820_*_0820')),
('19-1-0821','siswa',md5('19-1-0821_*_0821')),
('19-1-0822','siswa',md5('19-1-0822_*_0822')),
('19-1-0823','siswa',md5('19-1-0823_*_0823')),
('19-1-0824','siswa',md5('19-1-0824_*_0824')),
('19-1-0825','siswa',md5('19-1-0825_*_0825')),
('19-1-0826','siswa',md5('19-1-0826_*_0826')),
('19-1-0827','siswa',md5('19-1-0827_*_0827')),
('19-1-0828','siswa',md5('19-1-0828_*_0828')),
('19-1-0829','siswa',md5('19-1-0829_*_0829')),
('19-1-0830','siswa',md5('19-1-0830_*_0830')),
('19-1-0831','siswa',md5('19-1-0831_*_0831')),
('19-1-0832','siswa',md5('19-1-0832_*_0832')),
('19-1-0833','siswa',md5('19-1-0833_*_0833')),
('19-1-0834','siswa',md5('19-1-0834_*_0834')),
('19-1-0835','siswa',md5('19-1-0835_*_0835')),
('19-1-0836','siswa',md5('19-1-0836_*_0836')),
('19-1-0837','siswa',md5('19-1-0837_*_0837')),
('19-1-0838','siswa',md5('19-1-0838_*_0838'));
